{"years": [2013, 2014, 2015, 2016, 2017, 2018, 2019, 2020, 2021, 2022, 2023], "startArticleYear": 2019, "endArticleYear": 2022, "startPatentYear": 2017, "endPatentYear": 2020, "groups": {"sp500": {"cset_id": 1000500, "name": "S&P 500", "articles": {"highly_cited": {"total": 22.0, "counts": [2.0, 2.0, 2.0, 2.0, 2.0, 2.0, 2.0, 2.0, 2.0, 2.0, 2.0]}, "all_publications": {"total": 24941.02982107356, "counts": [2211.9125248508944, 2239.4771371769384, 2271.8429423459243, 2336.0974155069584, 2340.475149105368, 2403.182902584493, 2521.6918489065606, 2602.6023856858847, 2469.942345924453, 1838.2405566600398, 1705.5646123260437]}, "ai_publications": {"total": 81.55467196819086, "counts": [3.805168986083499, 4.188866799204772, 4.369781312127237, 4.8767395626242545, 5.761431411530815, 7.852882703777336, 10.487077534791252, 12.669980119284293, 12.872763419483102, 8.43141153081511, 6.238568588469185]}, "ai_publications_growth": {"total": -5.103075616039352, "counts": []}, "ai_pubs_top_conf": {"total": 35.47713717693837, "counts": [1.3041749502982107, 1.3101391650099403, 1.9105367793240557, 1.9860834990059641, 2.5288270377733597, 3.7236580516898607, 5.451292246520874, 5.506958250497018, 7.001988071570577, 3.304174950298211, 1.4493041749502982]}, "citation_counts": {"total": 4390.7972166998015, "counts": [44.95029821073559, 65.55467196819086, 90.31212723658052, 125.02385685884691, 179.7872763419483, 287.4612326043738, 429.0457256461233, 605.1113320079523, 785.5467196819086, 860.9681908548707, 917.0357852882704]}, "cv_pubs": {"total": 22.469184890656063, "counts": [1.1013916500994037, 1.2664015904572565, 1.2882703777335984, 1.4433399602385686, 1.5586481113320079, 2.1809145129224654, 2.6819085487077534, 3.2524850894632205, 3.326043737574553, 2.5626242544731612, 1.8071570576540756]}, "nlp_pubs": {"total": 16.314115308151095, "counts": [0.757455268389662, 0.7932405566600398, 0.8628230616302187, 0.9761431411530815, 1.0795228628230615, 1.614314115308151, 2.3658051689860833, 2.988071570576541, 2.9542743538767398, 1.2544731610337971, 0.6679920477137177]}, "robotics_pubs": {"total": 5.685884691848907, "counts": [0.3121272365805169, 0.3240556660039761, 0.3499005964214712, 0.34791252485089463, 0.44930417495029823, 0.49304174950298213, 0.6520874751491054, 0.7773359840954275, 0.7733598409542743, 0.6819085487077535, 0.5248508946322068]}, "citations_per_article": {"total": 11.335329597868423, "counts": [1.2192777641985162, 1.9858445836923426, 2.2897855003954275, 2.741045339483988, 3.887783739495322, 5.314480192680465, 6.891671283458715, 8.970047715336921, 11.667477904486697, 19.137841210890368, 40.31252515444548]}}, "patents": {"ai_patents": {"total": 77.441351888668, "counts": [2.0258449304174952, 2.63220675944334, 3.5646123260437377, 5.856858846918489, 9.087475149105368, 12.234592445328031, 13.157057654075548, 13.751491053677933, 13.345924453280318, 1.7594433399602385, 0.02584493041749503]}, "ai_patents_growth": {"total": 7.483329145033569, "counts": []}, "ai_patents_grants": {"total": 43.662027833001986, "counts": []}, "all_patents": {"total": 774.4135188866799, "counts": [20.25844930417495, 26.3220675944334, 35.64612326043738, 58.56858846918489, 90.87475149105367, 122.34592445328032, 131.57057654075547, 137.51491053677933, 133.45924453280318, 17.594433399602387, 0.2584493041749503]}, "Physical_Sciences_and_Engineering": {"total": 2.081510934393638, "counts": [0.07952286282306163, 0.05964214711729622, 0.09940357852882704, 0.1550695825049702, 0.23061630218687873, 0.3081510934393638, 0.36381709741550694, 0.36381709741550694, 0.36182902584493043, 0.05964214711729622, 0.0]}, "Life_Sciences": {"total": 6.178926441351889, "counts": [0.16898608349900596, 0.220675944333996, 0.2982107355864811, 0.43141153081510936, 0.6660039761431411, 0.9184890656063618, 1.0536779324055665, 1.1868787276341948, 1.1332007952286283, 0.10139165009940358, 0.0]}, "Security__eg_cybersecurity": {"total": 5.007952286282306, "counts": [0.09542743538767395, 0.147117296222664, 0.18687872763419483, 0.3359840954274354, 0.5864811133200796, 0.8449304174950298, 0.8986083499005965, 0.9065606361829026, 0.904572564612326, 0.10139165009940358, 0.0]}, "Transportation": {"total": 6.9821073558648115, "counts": [0.10934393638170974, 0.15308151093439365, 0.34592445328031807, 0.7852882703777336, 1.1073558648111332, 1.4075546719681908, 1.3180914512922466, 0.9105367793240556, 0.7634194831013916, 0.08151093439363817, 0.0]}, "Industrial_and_Manufacturing": {"total": 2.1749502982107356, "counts": [0.03578528827037773, 0.04771371769383698, 0.05765407554671968, 0.1610337972166998, 0.29025844930417494, 0.40357852882703776, 0.3976143141153082, 0.44532803180914515, 0.3121272365805169, 0.02385685884691849, 0.0]}, "Education": {"total": 0.705765407554672, "counts": [0.027833001988071572, 0.0437375745526839, 0.06759443339960239, 0.0437375745526839, 0.11530815109343936, 0.1172962226640159, 0.08349900596421471, 0.12127236580516898, 0.07952286282306163, 0.005964214711729622, 0.0]}, "Document_Mgt_and_Publishing": {"total": 0.0437375745526839, "counts": [0.0, 0.0, 0.0019880715705765406, 0.0, 0.003976143141153081, 0.007952286282306162, 0.003976143141153081, 0.009940357852882704, 0.013916500994035786, 0.0019880715705765406, 0.0]}, "Military": {"total": 0.02584493041749503, "counts": [0.0, 0.003976143141153081, 0.0019880715705765406, 0.007952286282306162, 0.0019880715705765406, 0.0019880715705765406, 0.003976143141153081, 0.0, 0.003976143141153081, 0.0, 0.0]}, "Agricultural": {"total": 0.5546719681908548, "counts": [0.007952286282306162, 0.017892644135188866, 0.015904572564612324, 0.033797216699801194, 0.05964214711729622, 0.07952286282306163, 0.08946322067594434, 0.147117296222664, 0.09940357852882704, 0.003976143141153081, 0.0]}, "Computing_in_Government": {"total": 0.17296222664015903, "counts": [0.009940357852882704, 0.003976143141153081, 0.005964214711729622, 0.009940357852882704, 0.015904572564612324, 0.0019880715705765406, 0.03180914512922465, 0.055666003976143144, 0.03777335984095427, 0.0, 0.0]}, "Personal_Devices_and_Computing": {"total": 43.74155069582505, "counts": [0.9562624254473161, 1.2803180914512922, 1.9324055666003976, 3.143141153081511, 5.288270377733598, 7.481113320079523, 8.079522862823062, 8.083499005964216, 6.7713717693836974, 0.7117296222664016, 0.013916500994035786]}, "Banking_and_Finance": {"total": 3.8827037773359843, "counts": [0.041749502982107355, 0.09343936381709742, 0.1312127236580517, 0.23061630218687873, 0.4831013916500994, 0.610337972166998, 0.7852882703777336, 0.7753479125248509, 0.6640159045725647, 0.06759443339960239, 0.0]}, "Telecommunications": {"total": 17.504970178926442, "counts": [0.39165009940357853, 0.6302186878727635, 0.7236580516898609, 1.3300198807157058, 2.224652087475149, 2.956262425447316, 2.9463220675944335, 3.168986083499006, 2.8588469184890655, 0.268389662027833, 0.005964214711729622]}, "Networks__eg_social_IOT_etc": {"total": 1.7634194831013916, "counts": [0.08946322067594434, 0.1073558648111332, 0.1272365805168986, 0.28429423459244535, 0.39363817097415504, 0.27236580516898606, 0.1550695825049702, 0.21073558648111332, 0.11332007952286283, 0.009940357852882704, 0.0]}, "Business": {"total": 11.151093439363818, "counts": [0.38767395626242546, 0.44532803180914515, 0.5944333996023857, 1.10337972166998, 1.6083499005964215, 1.7614314115308152, 1.783300198807157, 1.9105367793240557, 1.4015904572564613, 0.1550695825049702, 0.0]}, "Energy_Management": {"total": 0.9642147117296223, "counts": [0.05765407554671968, 0.0437375745526839, 0.04970178926441352, 0.07952286282306163, 0.1312127236580517, 0.1411530815109344, 0.15904572564612326, 0.1272365805168986, 0.14910536779324055, 0.02584493041749503, 0.0]}, "Entertainment": {"total": 0.6858846918489065, "counts": [0.02385685884691849, 0.015904572564612324, 0.03777335984095427, 0.04970178926441352, 0.06958250497017893, 0.10337972166998012, 0.13518886679920478, 0.13717693836978131, 0.1073558648111332, 0.005964214711729622, 0.0]},